0,1,2,3,4,5,6,7,8,9,10,11,12,13,14,15,16,17,18,19,20,21,22,23,24,25,26,27,28,29,30,31,32,33,34,35,36,37,38,39,40,41,42,43,44,45,46,47,48,49,50,51,52,53,54,55,56,57,58,59,60,61,62,63,id,label,name
11.965834,9.323908,12.490843,-1.5390334,0.5487424,3.5136082,2.309827,1.5414226,-2.422283,-4.2811227,-2.351327,-3.8888092,-4.5966105,0.4517575,-5.459609,-4.9150605,-3.2579772,-8.642647,-2.836674,-3.7063253,-3.0789256,-1.8754601,-3.8009531,-4.310634,3.7844307,-2.082876,-3.327833,-3.0979276,-13.214909,-3.5823,-0.47367445,2.6591496,1.9892701,-2.740225,-6.568016,-0.7364205,-3.927801,0.14450459,1.3521048,-4.086285,-1.5743009,-4.6187034,-3.3648107,-6.9330664,-3.2480993,-0.19384107,3.865801,1.2146994,-3.0679824,0.9096873,-0.7346442,-1.1065875,-3.3981135,0.8259616,-7.1367702,-7.029013,-3.241445,-0.7981172,0.74810445,-3.7667124,0.5532162,-7.3095603,2.1997893,-2.3136313,2015,2,Immagine 010.jpg
7.799103,13.398277,13.213517,-3.6419444,-7.103256,3.7220135,1.4656541,1.8326788,1.9762472,-7.154102,-3.874667,-2.5997975,-5.3636913,2.2255027,2.771433,-2.15785,-1.4252043,-8.243745,-3.1931841,1.6103035,-0.8964954,-0.9731819,-2.182249,-4.4933853,3.2310033,1.0146935,-2.2609653,-2.215646,-12.786543,-6.0831957,0.10569173,0.7922802,3.9854422,-4.17227,-2.960312,0.901233,-6.720817,-0.7721377,1.9033133,-0.47702658,-2.2385058,-5.5720406,-3.6049047,-1.3778192,0.20650658,2.5080109,2.5868406,-2.614998,-1.036756,-4.2372074,-3.6252124,1.2927375,1.8199192,3.3193579,-6.310263,-2.9741561,-6.900302,-0.2790419,1.5854788,-4.6619253,0.75581205,-5.904598,0.45377192,-2.1507647,1820,2,DSC_7807.JPG
7.800555,13.926514,15.072227,-3.6333528,-5.9793077,2.546032,-0.7516637,1.4605125,-0.5006639,-4.939791,-3.0919259,-1.6781118,-2.98032,1.3769646,-0.7040714,-2.481314,-4.015864,-9.376933,-0.87008,-0.08812747,-1.3591448,-0.049073536,0.07085875,-5.643079,2.8434198,-0.9900668,-1.9742193,-5.0331435,-12.793193,-5.7107,1.114083,2.3970482,1.5031874,-4.824885,-4.566292,0.8744268,-7.460254,-1.6834762,3.603715,0.07532063,-2.8584738,-6.213087,-1.8876984,-1.0094395,-1.5593166,2.1909533,4.5673184,-1.6115582,-0.46662858,-2.2136104,-1.6692523,0.44814837,-1.8394824,4.237911,-4.7092133,-4.619604,-4.7584167,-0.6259908,0.25610933,-6.637232,0.42002213,-7.163294,0.95678836,0.2254366,1992,2,DSC_3261.JPG
13.937741,11.5709305,15.094598,-2.7109482,-0.04657677,-0.25480816,1.8377773,-1.4513006,0.46081436,-3.5310767,-2.505808,-6.347449,-3.8270118,1.5064546,-0.23753878,-3.0235524,-5.6245794,-5.779069,0.1795989,-1.6496116,-1.5529411,0.9238609,-4.4897666,-4.999651,3.044867,-1.3430357,-4.77104,-1.7245079,-14.368812,-6.8429418,-0.8804018,1.2422689,2.181859,-6.6847034,-2.694605,-0.6072437,-5.933661,-1.5043378,-1.4547794,-5.54583,-1.6284409,-7.08546,-3.0245078,-6.878439,-0.9669916,1.1809764,2.7022574,-1.1608148,-6.117451,-2.8286738,-1.6620662,0.48220414,-2.5349338,4.039221,-2.139246,-8.434835,-3.7160301,-1.8402802,-1.8254634,-7.5294657,-0.1682295,-7.849744,1.6704519,-1.9028113,2394,2,DSC_9459.JPG
12.006834,11.746109,14.61021,-3.0060258,-5.247482,4.942065,4.2091274,-2.0858984,2.0999448,-8.509338,-7.7478633,-4.875646,-5.894856,1.4517181,-4.141392,-4.1049576,-4.292093,-7.84224,-4.706243,0.09755894,-2.0928972,-1.7414627,-4.932867,-5.4683785,4.589868,-0.1887886,-3.4581451,-0.55637956,-14.469213,-8.53932,2.5874324,-2.7612011,2.7495575,-3.1261795,-5.283381,0.7945474,-6.1083255,-0.9688221,1.3525876,-0.9008671,-2.7243633,-8.952474,-4.58315,-0.8000664,-0.59694105,3.933935,4.643289,-0.010563557,-2.2788272,-5.9071608,-5.156187,1.044234,2.563488,5.048031,-5.9704285,-4.845216,-8.619151,2.388869,-1.0010452,-4.3207207,1.7713838,-7.1213546,2.8440642,-1.7716435,2364,2,DSC_9220.JPG
8.1612215,11.531704,12.616407,-0.4633357,-4.1072335,3.2763693,-0.16491032,2.3828828,-3.727965,-1.5917394,-1.8736053,-4.724047,-4.1315064,1.738399,2.3643417,-0.47118947,-3.1481009,-6.3492823,-0.06248516,0.06051308,-2.1243849,1.0443798,-0.36295906,-4.118404,1.7364428,3.971944,0.6106174,-3.0727973,-13.503656,-2.6807876,1.0516402,0.30156386,6.0963917,-6.607994,2.4950335,-0.3773021,-0.32103208,3.9244182,0.39921835,0.58469987,0.9082527,-7.601346,-3.9147215,-2.4065828,0.40043342,0.3506639,4.6546593,-4.5142756,-1.916203,1.3753146,-1.9464314,0.123681426,-0.13660464,-0.22425368,-5.6300325,-6.9099545,-5.434233,-3.3871114,1.6186299,-5.00664,-2.7469792,-5.5845313,1.782167,-0.54852206,2325,2,DSC_7944.JPG
8.782282,12.107955,14.288944,-1.4916103,-5.5488706,-0.7367543,0.49281624,0.6437061,1.7708224,-3.089747,-1.9804041,-1.9700866,-3.8068497,0.59903556,2.0116866,-2.151572,-3.1232462,-8.093218,0.4459639,1.5168937,-2.5285351,1.0257952,-1.1251397,-6.2469964,1.2169001,-0.56740284,-0.11277988,-2.3975623,-10.168594,-3.9489949,1.4991356,2.3739667,2.6945174,-7.625702,-4.1608295,-0.6501861,-6.0168767,0.7080757,1.6234787,0.62827694,-1.0355011,-5.347937,0.50755614,-2.3463032,0.7641131,1.3003936,5.439234,-3.6134133,-1.5228214,-1.8211424,-0.52874935,1.1716084,-2.3023067,3.7190433,-4.5940795,-4.773499,-3.4588284,-1.480606,1.4929355,-5.630761,-1.3431562,-5.873578,-2.0922015,-0.6134624,1782,2,0a2ab38bc6b1741e18c7d59319356e58.jpg
6.4979954,8.930888,8.960299,-0.34209865,-0.14864482,2.6145308,1.7949477,0.968982,-0.14963804,-5.291051,0.04051701,-4.413656,-5.2491455,2.1564074,0.6764894,-1.131813,-3.3749824,-4.7234087,-2.1202338,0.378508,-1.887969,-0.20022003,-0.80611074,-2.1062775,1.7146308,0.8941912,0.7068343,-0.48433658,-9.507271,-2.6859932,0.70030266,-0.3711773,3.249607,-3.816519,0.068178855,0.723501,-1.4577395,3.0905654,1.6832166,-2.8487287,-0.7289221,-2.363224,-2.332202,-3.1271083,0.8094486,2.1237998,2.3096182,-1.4288605,-2.20695,1.6901666,-2.490377,0.2865426,-0.4730649,-1.275236,-4.1110907,-4.9003954,-2.9563386,-2.0668192,1.2414665,-3.0998793,-1.5527828,-5.334274,2.809476,-1.2307799,2140,2,28-05-2008 016.jpg
11.574916,10.623787,11.872077,-1.4398712,-2.7834466,2.6785212,1.9977132,-0.049806815,-0.58421636,-8.177059,-1.2591192,-5.7158914,-4.558989,0.2327405,-2.2548847,-1.3031472,-2.6686742,-7.6259484,-3.1977518,-2.2730184,0.8436385,-1.5828646,-2.6704564,-5.808704,4.5405025,-0.6517198,-4.4040995,-2.3044674,-14.941491,-5.8683786,1.5162385,-0.8812507,2.0170548,-0.6367511,-3.763193,2.3771849,-6.438039,0.6395572,0.45943853,-4.0466595,-4.7129865,-6.019326,-4.8649344,-3.9440043,-0.5671606,0.8074414,1.9647571,1.308476,-1.4273622,0.32951355,-2.5898035,0.88470095,0.5993255,1.0819077,-2.507971,-5.972341,-3.4356835,0.2293632,-0.5388283,-3.5121121,-0.48062143,-6.826601,3.4542456,-1.4079957,2417,2,DSC_2974.JPG
8.624689,11.745181,15.999994,-1.3458693,-3.4626982,3.4075046,-1.6162091,-2.741756,1.9932829,-4.9310355,-2.2960858,-3.1477878,-2.7536907,1.3807925,1.4103678,-1.1342386,-2.7736232,-4.990329,-4.000718,4.8758583,-7.133276,1.0233891,-2.5495713,-3.6910625,2.391598,3.0859578,-1.561179,-0.14841738,-10.147331,-8.399767,1.0012376,1.4478717,5.242549,-5.8069735,-4.095082,1.2697492,-6.6779714,-4.2787333,2.6767936,-2.4232295,-1.5179884,-5.6827,-3.5435622,-5.8784156,-0.81765366,5.9493074,4.6454005,-1.2288109,-4.7461014,-5.7895308,-2.8710427,2.7446382,1.3750501,3.85523,-4.7715015,-5.798553,-3.0399044,0.25484285,3.6950808,-3.5428612,0.8459427,-5.431262,0.73351353,-4.2054033,2201,2,DSCN8419 .jpg
10.203171,10.076801,13.429791,-2.795851,-6.033507,0.87301385,0.44220278,1.9989313,1.6936271,-3.6991522,-1.5539687,-3.1054995,-2.2908084,0.35066512,2.4931834,-5.682197,-4.6463823,-11.201429,-1.9645323,-0.25939834,-0.8009694,-1.684873,1.1433167,-6.91383,1.7165056,-2.4370375,-2.5587392,-2.8512535,-10.374199,-4.540863,1.1933103,2.1702337,1.7968134,-5.675374,-4.8142114,1.9057817,-5.045198,-0.17467657,1.7851454,-2.8567371,-3.1517363,-6.516287,-2.5117662,-2.0974352,1.2317802,1.3827047,5.3688297,-3.027507,-0.63917494,-3.0863647,0.9642389,-0.8821234,0.56182534,3.6597438,-4.341997,-5.538776,-4.622365,-1.6336505,2.9478688,-4.751352,0.107935056,-8.253586,-2.0488925,-0.79042286,2051,2,Immagine 096.jpg
11.712901,11.104831,15.070685,0.841545,-3.1996388,4.1796794,1.2350227,-1.8695767,1.481876,-4.5790696,-3.0829728,-4.4990954,-7.367363,1.1160109,-4.4549537,-2.5434377,-5.103881,-8.714265,-3.9772253,-1.2195611,-5.499798,2.2286983,-3.663411,-6.955175,0.7460872,0.08930711,-2.3579879,-1.5618732,-13.614772,-7.9895535,1.2781123,3.289363,3.0245438,-5.722968,-3.9740918,-0.57357347,-4.6738467,-2.0186708,3.5904462,-4.480293,-3.9169474,-5.738309,-4.0813828,-2.023647,-0.7421945,4.277674,3.7894156,-0.8923121,-3.6965656,-1.9182609,-4.9121213,0.9440374,0.062078528,3.5308,-5.7048354,-10.040688,-4.924783,0.502849,-0.089173585,-4.218173,-1.4431902,-6.0535254,1.6191717,-3.472804,1835,2,Immagine 247.jpg
14.115287,10.623885,13.751588,-1.2126017,-6.2478294,3.6414986,3.3377588,2.7572372,-1.2090135,-4.4071727,-6.405853,-5.409513,-6.889658,1.7980701,-1.0019344,-4.207267,-7.1636405,-9.963201,-0.23950635,-4.5674577,1.5311588,-2.9964828,-4.711544,-7.010212,2.6689897,-0.64626676,-4.534854,-3.4247599,-16.530638,-2.5779064,-0.09786365,-0.45835295,0.34154424,-6.11752,-2.5964057,0.88976634,-2.5955892,2.3186827,-2.9463122,-0.493557,2.0925565,-9.910157,-1.1634862,-3.4689112,0.5368469,1.3084005,4.2526126,-4.824529,-2.5510535,-1.6448996,-0.84955114,-1.520785,1.2001265,2.772698,-6.6536684,-6.027455,-7.676167,-1.8171571,-3.1049902,-4.375728,1.4787258,-7.2321296,0.56001294,1.4304193,1818,2,DSC_3650.JPG
6.6401267,11.203752,11.456382,-2.9490774,-5.4752164,2.81764,0.60273427,1.502508,1.2357194,-6.3151608,-2.8267388,-2.1426878,-4.522674,3.1615937,2.4539375,-1.1914779,-0.65364236,-6.7169213,-2.3290877,2.7421036,-1.976774,-1.432507,-0.5757968,-2.8372643,2.1366537,2.0258265,-2.2765474,-1.3859005,-11.24145,-4.8239694,-0.5072876,2.0354745,2.3241076,-3.352739,-3.387572,1.4736915,-4.239438,-0.32711157,2.0337203,-0.9016283,-2.8814123,-6.007245,-2.4915018,-2.161469,0.29044783,1.8590965,3.2336447,-3.3803751,-0.3667035,-3.1739116,-2.3675866,2.1109338,3.1323535,2.28053,-4.411193,-2.47398,-4.3357735,-0.625523,4.0776644,-4.7344275,0.7667247,-4.8311505,1.4710577,-1.4531226,1695,2,3ac3a26a6d56e997d744e2cdfbbe9737.jpg
7.620573,6.3097644,9.992883,-1.0959477,-5.974835,1.2318895,2.3684518,1.988672,-2.831965,-2.662167,-2.618076,1.185093,-0.67839134,1.2394081,0.39835343,-5.5763755,-2.7704327,-8.291175,-3.152886,-3.3091776,-1.5274445,2.851578,-0.33991683,-6.4243813,-0.79560536,-1.4849902,-1.5294147,-3.6902943,-8.75793,-0.54847056,-4.266487,0.08959793,-0.8454851,-4.954821,-5.7896395,-1.1354724,-3.5914419,-5.430963,1.3302581,-3.8475285,-3.3709698,-2.9587042,-2.0815787,-5.883875,-0.25557208,0.24841757,0.81113267,-2.187222,-1.379688,-2.1022377,-0.11178506,-3.948494,-4.190337,2.197158,-2.8031437,-6.686289,-2.7278113,-1.8316959,-1.3931732,-8.016132,1.6459311,-3.5746858,-0.11926103,-1.8986571,1623,2,40ec07a95ef7f52db5cc3513455d60cc.jpg
9.7564125,10.482688,7.3892107,-1.5274143,-3.4882379,1.7668647,5.7459955,-0.2406656,-0.6849034,-7.0460095,-2.3456833,-3.1172407,-2.7449727,0.36078835,-2.9779963,0.8244929,-3.4905825,-6.8685417,-2.8246846,0.5648591,-1.1096201,-0.8063975,-0.4406376,-5.5176873,2.7184675,2.6242344,-1.0362941,-1.7524889,-10.77466,-5.8239937,-0.7593956,1.4017237,2.9598951,-3.517804,-3.3627908,3.2672687,-8.019413,-3.3644586,2.188091,-2.9320858,-4.5144973,-1.8881677,-3.0624707,-5.001418,-3.0699546,3.8286867,2.0992055,-1.4152602,-2.8916376,-2.2718458,0.1227633,1.2383757,-1.3549888,-0.1443861,-6.628599,-6.552121,-2.4782543,-1.2539413,2.382982,-4.415683,0.99604815,-6.5120683,0.76249385,0.5994871,1630,2,9f8725243c3b743653350c60f64fb51b.JPG
13.121978,11.504955,11.08961,-3.9191086,-5.670115,6.4123044,2.9888735,-1.4792128,2.021249,-12.543154,-5.794816,-4.0352173,-7.7653413,1.5746089,-1.7309269,-0.5149969,-3.048601,-7.5063753,-7.359762,1.2778083,0.6963768,-3.6623592,-2.8009884,-4.910119,5.187314,2.659331,-5.189827,0.24749424,-15.577744,-7.180778,-0.6882686,-4.11855,1.2300388,-1.8698847,-4.6013556,1.0720758,-7.8612247,-1.0884994,1.917234,-0.7595264,-5.719845,-8.935938,-5.521697,-2.8474786,-1.3941646,3.7505057,2.0302718,0.120851874,-4.356629,-4.2175,-3.6886814,1.1494842,5.1641808,3.7470977,-8.162402,-4.374319,-5.3912463,1.4071925,2.1845307,-5.696887,3.0239723,-4.1972213,2.5031455,0.7246155,1994,2,DSCN4287.jpg
9.545441,11.091441,13.444105,-1.8737129,-2.814341,1.1903933,2.8167043,-0.92758805,-0.48012525,-6.166414,-4.710398,-2.3199124,-4.261404,1.4049857,-4.2386203,-2.9501395,-2.1098502,-8.861169,-3.8064563,1.6157994,-2.4826865,-0.4386073,-2.1599321,-2.9951758,3.340318,-0.50737315,-2.7532399,-1.5435883,-15.159649,-6.844273,-0.44618663,1.4669967,0.5147708,-3.19746,-6.148686,1.2515742,-7.4053407,-3.9907744,-0.42014435,-2.3341017,-3.65978,-6.9374366,-1.1239285,-3.8027086,-1.1508415,0.9975909,2.4936476,-1.5293792,0.12985873,-5.4880757,-1.1920522,2.5243218,0.7767379,3.4159582,-4.026628,-4.882153,-2.3260338,1.074623,-1.488781,-6.9454236,2.2775009,-7.059096,2.2754474,-2.1495051,2189,2,DSC_8691.JPG
8.882418,11.034666,8.789146,-2.2997859,-3.7013688,2.0158165,0.74194163,2.7418766,-1.4040881,-8.924948,-0.9249052,-2.3817925,-4.0895767,-0.078447014,-0.5211361,-2.2423456,-3.0926182,-6.9802737,-2.9004226,0.5924693,0.6242558,-2.472083,0.27453518,-5.738076,2.5815473,-0.30661348,-3.6508753,-0.5038827,-11.6178465,-5.700927,-2.4375944,3.1645668,-0.8235665,-3.336322,-4.466969,2.0136106,-7.9086294,-3.9772997,0.23812889,-3.6757321,-6.5186095,-5.600743,-2.163917,-4.702201,-0.1428992,0.789807,-0.861148,-0.48915362,-2.7709415,-2.267568,0.53306437,1.8433174,-0.46015844,-0.1415307,-2.388816,-3.2273643,-1.9701296,-0.67741495,1.0071894,-6.9238715,0.8982524,-5.8155704,1.8126291,-1.1495825,1690,2,32c094b9e9020102948f73f52fa520e3.jpg
12.972872,11.325094,16.181126,-3.8384807,-1.3540483,1.2696319,1.915346,-2.4491367,-0.299515,-3.5843332,-4.019325,-5.7557054,-4.9874115,1.0733778,0.52387184,-0.8296849,-3.4512477,-5.57162,-0.12711206,-0.73774767,-4.433994,-0.80096316,-4.7383027,-6.5294933,3.6801512,-0.3378362,-3.349697,2.051448,-13.416891,-5.9470367,1.3003334,-0.19152498,2.348333,-7.258386,-2.2619197,1.3014673,-5.90232,0.6385744,-0.34245962,-4.4882536,-0.34974647,-9.691302,-2.550636,-6.3524747,-1.0638863,2.6853204,3.6193335,-2.4795194,-3.3083348,-3.7996252,-1.4164454,3.658866,0.58644336,2.2930772,-4.401954,-7.05614,-5.1771083,-0.89976275,0.94792086,-7.1069055,-0.42569724,-9.453924,2.9457927,0.02982686,2099,2,DSC_4595.JPG
11.953615,11.762398,14.28805,-1.7623646,-2.4663417,2.0992622,1.6242261,1.9835348,-0.71741605,-3.1799774,-1.4344033,-3.7120216,-6.0783367,2.0676785,1.2439429,-2.8158023,-4.7960477,-7.985457,-1.3406241,-0.3521326,-2.1285493,2.306592,-3.2714624,-3.5959303,2.31787,0.11882194,-2.7576387,-3.7510998,-10.564353,-4.3809624,0.44579527,0.5618109,2.691018,-6.6921444,1.1612399,1.7401133,-1.2020317,0.45629472,1.0283446,-1.9788895,-0.002264319,-6.1474767,-2.076896,-3.052752,0.6365852,3.0436196,6.3223753,-4.808336,-1.6886572,-0.3875758,-0.6996921,-1.552825,-2.1857624,3.4517007,-5.927244,-5.631399,-6.208962,-2.6332316,-3.2548506,-4.8845515,-1.1768417,-7.4691763,0.96753556,-2.729392,2414,2,DSC_4427.JPG
13.704077,13.704267,17.14848,-2.1846213,-1.4778559,1.0040797,0.42681602,-5.2498875,3.362306,-2.86057,-5.3148084,-2.7448087,-6.626932,2.8352783,-2.376149,-4.421805,-6.1378274,-10.270726,-1.679904,2.3972566,-6.853753,3.3819356,-5.962484,-7.856995,1.4859078,-1.6837347,-6.173145,-2.8957744,-13.188838,-10.514727,-0.58449596,1.7406578,2.4519618,-10.389964,-3.9194033,-0.22386916,-5.9781075,-3.2296572,4.1845527,-7.699391,-2.8204982,-8.471321,-2.2483904,-7.3985944,-0.5908922,5.0847845,5.952095,-3.4190872,-3.273929,-7.190529,-4.6653523,-0.055246286,-0.59809685,8.866776,-4.758491,-7.421841,-6.071016,0.6202867,0.66816807,-4.426702,0.24649213,-10.159493,-0.7754336,-4.4406924,2355,2,DSC_1480.JPG
7.6183,14.003553,13.446555,-3.5955312,-6.3119526,5.2932987,-0.04301883,1.464431,-0.38701648,-10.2917385,-2.8317926,-1.748587,-3.3912446,1.7930094,-2.5022163,0.20050056,1.3365976,-7.5026855,-7.033228,3.7527552,-2.7510178,-0.2573162,-1.7078081,-4.531421,4.0435305,2.5242352,-3.4930294,-1.7056551,-12.319069,-10.3084,0.10421351,2.191432,3.3331087,-1.8830255,-4.8505926,1.8591757,-9.985192,-4.9850454,3.712177,-0.562306,-5.633339,-5.8388457,-5.3052287,-2.615673,-0.6054138,4.6481004,1.5432298,-0.41028622,-2.0727382,-5.360225,-3.896718,3.4614174,2.215919,2.90248,-6.270198,-4.1551685,-4.6896205,2.4455602,2.2792616,-6.360723,1.6259558,-6.043631,2.6049414,-3.6323733,1702,2,4fa81a5a2d2d8bb818c6ffaee409c998.JPG
7.4309053,11.614293,13.914261,-3.3767576,-1.7228923,2.4091904,2.6703131,-2.6382148,2.3432398,-5.2046647,-3.2094896,-2.5223892,-3.8538818,4.699436,1.655619,-3.3989308,-1.5592238,-3.3910496,-2.5844698,-1.1333714,-3.710325,1.4248893,-4.120979,-1.2132263,5.699053,-4.773949,-1.2299513,-1.103914,-10.0131855,-8.081636,-0.21828938,0.6994359,0.64128476,-5.3676186,-4.8381505,-1.136421,-5.100228,-2.286916,-0.468306,-7.180062,-2.5323272,-4.473705,-4.063189,-4.8366876,-0.7440947,1.4059916,1.0408003,-4.682617,-2.6193662,-5.2387915,-4.285264,2.7035303,-1.5121404,5.7359533,-2.2888985,-4.1449103,-7.5256085,3.202225,3.0073597,-3.7738926,-1.3018361,-5.657147,4.346688,-5.6489034,2380,2,DSC_6415.JPG
8.551245,11.87321,11.591959,-3.8722174,-4.96229,4.68264,-1.2249106,-0.29307795,0.9611141,-10.721416,-4.092002,-2.3913734,-5.2684345,2.103859,1.5291495,-2.7393112,-0.27039772,-4.6715364,-4.045102,1.7109042,-2.5755813,-3.083496,-1.4283683,-4.574828,4.217546,-0.12728077,-2.839961,-0.912585,-12.643293,-6.3988767,-0.51361865,-0.84466904,2.3039608,-2.206974,-2.963968,-0.374851,-7.3367243,-0.16277687,1.8434707,-1.6760676,-4.768606,-2.7951035,-3.1180296,-2.4381588,-0.6690921,2.0937564,2.0042617,-2.200349,-2.9579203,-4.366552,-2.988288,1.7732683,2.6318977,2.2318556,-6.016012,-2.2766438,-6.3257394,1.4750301,3.042562,-3.088176,1.0054009,-6.1736608,1.407946,-3.8375874,1729,2,4928c65f3b55b45077757abbd1b7f0c9.jpg
11.717948,9.207752,15.081344,1.000854,-0.7802006,2.5168164,1.9710883,-0.8023418,-1.5128943,-7.843136,-3.383273,-4.3662863,-5.117833,-2.5715003,-6.375702,-4.4698834,-5.1719975,-8.38112,-4.129137,0.28076267,-3.8919494,2.3611658,-3.3596957,-7.325427,1.3609815,-1.3994662,-5.489784,-3.7900357,-14.497011,-5.113508,2.7847817,0.13566303,2.5253482,-6.856454,-5.0294924,0.26143777,-6.2202682,-3.3475204,1.7761014,-5.4592257,-3.9912944,-4.8389916,-4.419829,-6.09877,-1.5562242,-0.47336322,4.040801,-0.46833134,-1.8426889,-1.2063903,-1.02788,1.4023968,-0.50143844,1.1821728,-5.0445104,-7.149685,-2.0760212,-0.5735363,1.9110279,-4.442282,-1.6309139,-8.907553,1.6592282,-1.1348764,1821,2,Immagine 133.jpg
8.690846,8.785315,11.977455,-3.4734364,-6.7975473,1.0955385,2.7777426,2.6833818,-0.37059557,-2.7483933,-5.226706,-3.1006966,-3.657973,-1.0400646,0.041232016,-2.2411852,-2.9125617,-7.1266947,-2.0173008,-2.1049495,0.7600212,-0.6649615,-1.9762914,-5.2210507,2.6117435,0.05049348,-1.2350318,-3.69471,-11.054528,-3.2095182,1.2752446,0.79763967,1.6416043,-2.6770747,-5.887845,1.3409252,-5.2643867,0.29129457,-1.305161,0.24122766,-0.9838236,-5.445209,-2.401025,-3.1412249,-0.073816985,-0.45283052,3.4739168,-3.794157,-1.0387703,-0.8845115,0.37958694,-0.8264943,-1.3423456,1.018877,-4.364206,-4.9329314,-4.6829014,-2.6207597,0.85177135,-4.6714163,1.6477283,-6.8399367,0.4113142,0.29198465,1845,2,DSCN3981.jpg
14.85465,13.185135,14.692834,-3.6969507,-1.4035103,2.7697647,1.6169416,-0.4025173,-0.042366177,-3.719481,-6.17082,-5.5201902,-5.950956,2.91262,-1.843011,-6.7441,-6.682415,-9.183887,-0.86832523,-1.4745862,-3.63456,-0.6825621,-4.921298,-5.8538885,4.0272436,-0.70786244,-4.457949,-3.0613356,-15.216505,-6.5898952,-0.51951545,0.68886065,2.1249104,-8.48461,-3.947141,-0.20467424,-3.3431234,0.5881709,0.7564084,-5.502215,-1.8243524,-9.139457,-2.7861736,-7.701921,-2.0774415,1.2704183,5.911857,-2.914391,-4.6985207,-4.0665746,-0.50188816,-0.017000308,-1.6861359,5.090197,-5.1891537,-7.311288,-8.419782,-1.3326439,0.1830022,-5.203741,1.8204033,-10.300373,-0.6381903,-0.8768082,1876,2,DSC_3118.JPG
14.744241,16.126402,17.859732,-0.10101843,-1.8021094,0.09681144,-0.641593,-4.2552304,2.8243363,-0.27220577,-4.243803,-3.2158155,-5.6007013,4.5483413,0.8164724,-5.655074,-6.6338043,-8.849134,-1.6988107,0.6673447,-8.173788,2.675628,-5.160137,-6.07278,2.6764772,-1.9324235,-3.2574458,-1.5581504,-11.83625,-6.86027,-0.43175167,2.0973,3.2921493,-10.949561,-3.3042462,-1.747721,-4.160464,-3.4229822,3.390942,-7.199767,-1.0098372,-6.7918096,-2.0743618,-6.9990582,-1.9003727,3.8965552,6.59851,-2.746751,-3.6146624,-5.728153,-3.2077117,0.27788022,-4.442053,8.750273,-5.2714825,-8.235649,-5.8684072,-0.8986457,-1.4483355,-5.3278666,-1.7089981,-9.504697,-1.0613673,-4.467309,2386,2,DSC_4098.JPG
10.298675,11.675903,14.060224,-4.344717,-5.667024,4.2673492,1.4003837,-0.56301045,1.8648795,-8.258951,-2.6711578,-5.00904,-4.6876483,1.7638068,-0.43195766,-2.269112,-3.0942202,-10.495651,-5.469138,1.155268,-1.7218813,-0.22085282,-2.7392948,-5.013302,3.8184223,1.5018721,-2.976231,-0.36282885,-14.648559,-7.6160116,0.5372404,1.9602802,-0.5909695,-4.211739,-6.335594,1.1034313,-5.6653986,-0.9081931,0.55422056,-4.762912,-4.1935115,-8.365949,-3.8795238,-1.90552,-1.3065072,1.9266218,3.226011,-1.3679099,-0.64647305,-5.4554663,-0.91873294,1.6920229,1.5798405,1.1485378,-4.5185895,-4.538875,-4.5413895,-0.6684419,3.1565552,-6.1472397,1.5628827,-8.591172,1.9112071,-1.4719895,1618,2,65612a5a7fcee55e75e410cdef7924ae.jpg
7.799103,13.398277,13.213517,-3.6419444,-7.103256,3.7220135,1.4656541,1.8326788,1.9762472,-7.154102,-3.874667,-2.5997975,-5.3636913,2.2255027,2.771433,-2.15785,-1.4252043,-8.243745,-3.1931841,1.6103035,-0.8964954,-0.9731819,-2.182249,-4.4933853,3.2310033,1.0146935,-2.2609653,-2.215646,-12.786543,-6.0831957,0.10569173,0.7922802,3.9854422,-4.17227,-2.960312,0.901233,-6.720817,-0.7721377,1.9033133,-0.47702658,-2.2385058,-5.5720406,-3.6049047,-1.3778192,0.20650658,2.5080109,2.5868406,-2.614998,-1.036756,-4.2372074,-3.6252124,1.2927375,1.8199192,3.3193579,-6.310263,-2.9741561,-6.900302,-0.2790419,1.5854788,-4.6619253,0.75581205,-5.904598,0.45377192,-2.1507647,1707,2,e450c45e930e4199bb431c2b0055fe8a.JPG
7.0111985,10.226785,12.939465,-1.501749,-2.3911817,1.2915295,-2.100477,0.5877403,-1.5078228,-3.1144643,-3.6846502,-0.003923481,-2.6166284,1.6513023,2.0525198,-2.0830147,-3.7070918,-8.038207,-1.3757209,-0.526708,-4.1714315,0.5929785,-1.8833426,-6.8456874,1.7804775,-0.7481411,-2.6478238,-0.91387767,-8.074561,-5.0239263,-2.087086,2.474399,0.025280833,-8.519197,-2.173307,0.3614081,-3.400709,-2.2591043,-0.52034044,-2.0289252,-2.2712815,-7.129465,1.7051728,-3.6349907,1.2195508,2.1325917,3.5912328,-3.0127347,0.83874637,-4.581192,-0.74050623,-0.8982104,-1.3787603,5.255183,-3.5681756,-6.663511,-4.421876,-0.9968376,0.589346,-6.5716724,0.01248839,-6.4213667,-1.8258555,-1.3085994,2238,2,DSC_9712.JPG
14.739024,8.583257,9.18969,-2.2027433,-1.8410707,1.3258526,0.68254536,0.025717482,-0.80723834,-6.1325235,-3.8504872,-2.257611,-7.0441895,1.4589055,-0.86752456,-3.526555,-4.039831,-5.196171,-6.0381713,-3.1443553,-4.0649314,-1.7185405,-4.443313,-5.9987283,2.30776,-2.500619,-5.82731,-4.3473115,-10.630998,-4.303708,-3.1451,-1.1411339,-3.420616,-6.3024945,-3.0394418,-1.0872306,-4.8681207,-1.6413602,-0.48007026,-5.7313704,-3.1364949,-5.4854136,-1.8837876,-7.0464916,0.6596539,0.39877102,3.2459688,-2.050839,-2.6980033,-4.2073727,-1.1676681,-1.3599389,-0.6414064,6.582768,-3.8021297,-5.5758486,-5.6390147,0.5522891,-0.44382238,-5.614072,-0.7280258,-5.742198,0.80707186,-1.5630683,1720,0,38f5e82ab7437557bc24807419fcbea9.JPG
13.03462,10.393616,13.472836,-2.201598,-3.4603462,1.4249958,1.701379,-0.41136485,1.8389802,-5.7640243,-4.4803762,-5.774839,-5.7644663,0.42797726,1.1150686,-2.7085605,-5.5827513,-7.927893,-1.2803558,-0.07445997,-2.9762988,-0.28630915,-3.6562886,-7.048545,1.3880569,-0.8741899,-1.829297,-0.33531293,-13.297957,-6.0987854,0.24297108,-1.0681443,4.1816397,-5.366524,-0.23963168,-0.7954628,-4.655129,-0.08748553,-0.17525552,-2.3676274,-0.9315592,-6.3407955,-4.839879,-4.4639306,1.5705096,2.3145838,4.2195354,-1.508503,-4.4490013,-3.9307702,-0.6468021,-0.21742469,-0.8258255,4.316027,-5.8933744,-8.358069,-4.788588,-0.5125086,1.2110456,-4.962534,-0.28572217,-7.767658,-0.67727476,-0.2170226,2240,0,DSC_0143.JPG
16.049944,6.193191,12.263077,-0.61096054,0.53786975,-0.628337,4.2471805,-1.5159434,-2.1225247,-5.8265457,-0.83093315,-3.6383045,-5.5211797,-1.7624351,-3.0479646,-4.3520584,-5.0877876,-5.760948,-2.6808553,-2.2536068,-2.233825,1.3506635,-5.196955,-5.914416,0.16582085,-2.6179857,-6.2619476,-1.1971675,-12.49695,-1.8222172,-0.15880853,-1.5866839,1.1347723,-7.0936165,-4.5899234,-2.184273,-5.577586,-2.8128808,1.4461545,-7.1384687,-3.5791893,-4.283413,-3.9000106,-10.225344,-1.7766166,-1.9173709,1.8119885,1.626865,-6.1821327,-0.81949383,0.69275737,0.087708876,-4.452962,2.1334052,-5.151036,-9.021228,-1.9645919,-1.6602671,-1.3429185,-6.444242,-1.7822528,-7.026332,2.9721162,-0.54545856,1767,0,fc60f3cf542b7842c1160463eb46e1eb.JPG
10.907324,11.254069,10.145465,-2.6463099,-6.726683,3.1762583,2.2680378,1.3446455,1.0956385,-8.123355,-4.8135276,-4.633301,-5.7112083,-0.14668247,-0.16673435,-2.1753721,-2.707322,-8.707638,-2.476999,0.2735584,0.33994472,-2.1657934,-0.4191357,-7.1410613,3.157007,2.4830482,-3.5716503,-1.5601652,-15.393819,-6.681028,1.2467731,1.0985872,2.595307,-2.8642492,-3.9838188,2.7425492,-7.0784173,-0.9099652,0.51872224,-0.7995279,-4.1644144,-7.091589,-4.46802,-3.3994823,-1.4611149,2.4150624,3.1091287,0.22571422,-2.364877,-0.86105597,-0.8624362,1.5494571,0.26073736,0.07254619,-5.7614303,-5.6062756,-3.9944606,-1.0281199,1.4366643,-5.4630075,1.5390186,-6.7705145,1.7740917,0.58835787,1731,0,7c0cda16b624d6022a57fb8970364444.JPG
6.742185,11.485042,8.950661,-1.8175511,-8.090992,2.8884394,-1.3521451,2.926542,0.44004795,-10.248533,-3.8073921,-1.0184467,-4.749023,1.7254157,2.3039703,-1.2788783,1.8453828,-4.9314666,-7.714094,3.4093382,-2.0055897,-0.52686113,0.45106027,-4.8451605,2.1013076,3.552554,-3.1769004,-1.0331776,-14.272491,-6.924945,-0.06993085,-1.008872,0.3871119,-2.1781802,-2.0324967,1.5429403,-8.852082,-2.092696,0.74917275,-1.4952034,-6.8299,-5.8543825,-5.305458,-3.2092068,0.052038744,3.7694876,1.4434037,-0.8715252,-0.89386535,-3.4862108,-1.7677767,0.16619433,4.682108,2.3647401,-3.7165596,-2.2967577,-3.6859603,-0.8055427,3.7848644,-3.2403831,0.6473577,-3.608007,1.6148292,-1.7606236,2247,0,DSCN1421.JPG
11.938069,9.53137,11.308339,-1.6404479,-3.0366807,2.9815223,1.2358493,2.4927118,-0.011077746,-4.018853,-3.168758,-4.3599706,-5.753967,0.3147696,0.74452275,-2.1088223,-3.2060442,-7.2778373,-2.040355,-2.6648543,-1.5581999,-1.7925621,-2.0948594,-4.0817657,2.70195,2.261042,0.3039442,-3.2444158,-12.017085,-3.7363188,1.7615652,0.7200233,3.5855284,-3.2910376,-0.53021044,-1.670024,-0.9091236,1.380851,1.0476146,-1.1487387,-2.1438377,-3.7519917,-3.8956847,-2.7687101,0.60203105,0.3089509,4.0682135,-2.5747015,-1.7633183,0.881241,-3.0859668,-0.9605066,-3.398276,0.77647084,-6.452774,-6.2035236,-5.314655,-2.1631696,0.28803158,-2.3043387,-1.451115,-5.40159,1.3850385,-3.248394,2340,0,DSC_6517.JPG
19.821257,6.924767,8.899026,-1.6714302,-3.195119,2.6154673,6.7179055,2.2506616,0.137511,-8.461819,-3.2587156,-8.232775,-9.896376,0.42438492,-3.2237787,-3.594004,-3.3347547,-7.0368767,-7.8551097,-1.5783824,2.5284028,-2.678573,-4.1343246,-8.258716,3.1794386,3.5385232,-6.5961537,-2.416315,-18.649187,-5.4552875,-0.7106599,-2.271727,-0.49166942,-1.0813601,-5.9932,-0.41149014,-7.8163643,-1.2775881,-0.731175,-7.199889,-3.6838946,-7.889733,-9.490998,-11.424864,-4.5405354,1.5802647,2.0583007,4.111614,-4.1407757,0.10595376,3.2556477,-1.3101265,-0.5501728,-3.2353044,-6.0472064,-10.0929165,-1.929461,-2.0324078,2.3453004,-5.623785,0.020715792,-8.3261175,6.7918425,3.6472728,1874,0,DSC_81192.JPG
15.922674,8.342293,11.842381,-2.7196622,-0.20056912,1.3361261,2.3898542,0.13180311,-2.4919126,-6.7166414,-6.3142204,-6.2444425,-7.8316174,0.70025545,-3.636977,-6.800682,-8.166204,-5.4210553,-4.5220566,-1.9690257,-3.8763092,-0.10838978,-2.6960137,-8.420262,2.203045,0.3526245,-5.7228117,-2.702218,-17.939707,-8.433843,-3.4168603,0.9966501,-1.1178569,-5.1002784,-5.504888,-1.4415206,-6.9452863,-0.55388826,-0.97478426,-7.9480553,-3.1047218,-11.127605,-4.0952888,-9.001196,-2.7232633,3.0327604,2.7569072,1.3024492,-4.392357,-3.6079082,1.3271658,2.2978556,-1.1384565,2.5036461,-2.231999,-8.545757,-1.8302343,-0.96595323,-0.1571442,-5.7588587,-1.49758,-7.156622,2.0838218,0.5779204,1609,0,80b1f09d2095954f038f6150b697369d.JPG
15.471991,9.401794,11.994839,-1.5155277,-2.9085732,2.1504397,4.97606,2.456862,-1.1719334,-9.788582,-3.7408214,-5.677667,-5.791967,1.4423151,-2.833681,-5.3148575,-4.1786165,-8.397453,-5.7467213,-2.2239969,1.5943109,-1.1293235,-3.1290522,-6.1759915,2.2471929,-0.12513083,-5.288987,-3.7174277,-15.59925,-6.59455,-1.6039194,1.5062603,-0.48510784,-1.6374748,-5.4938464,0.8500365,-7.132696,-2.9122925,0.6401166,-3.8550458,-4.339261,-8.828747,-2.257533,-3.9908035,-2.1947813,1.2886401,2.4866154,-1.5886351,0.2581626,-2.5488963,-0.7557882,1.859342,-0.559332,1.8017188,-5.305695,-3.283697,-4.4633827,2.1279225,-1.6200179,-8.27755,1.2229829,-5.9310913,4.3347073,-0.6380386,1629,0,5d284e411efcb9fa01f2d76217f0b09f.JPG
15.905075,6.962551,9.49985,-1.9497498,-3.4509768,2.644259,3.9087713,3.3975825,-0.13920158,-9.533339,-2.0394893,-8.8168545,-8.114456,1.0631166,-0.45324972,-3.7951546,-2.5560057,-7.1317773,-4.028214,-2.054988,3.1193523,-1.3372083,-2.3726113,-6.9903927,2.4512405,2.1981874,-3.7142494,-3.9315283,-15.892382,-1.6898843,1.1735306,-3.0171428,4.2406774,-0.83089346,-2.163256,-1.0628958,-4.124186,3.0476959,0.7715118,-4.286442,-2.3623688,-5.462165,-6.755142,-4.322674,0.5708824,-0.6800342,2.190236,-1.5474352,-2.7494721,1.3066121,-2.1835725,0.9707219,-1.3193561,-2.144196,-6.952261,-7.0480733,-4.4076796,-3.0303605,-0.7526579,-3.6783447,0.23322569,-5.3210864,4.8801246,1.2050533,2351,0,DSC_3473.JPG
12.564753,8.865019,11.402543,-2.1336205,-1.1842066,1.3558418,2.6936002,1.6962874,-0.4621133,-5.7668242,-2.021337,-5.2673235,-4.6465917,0.5243516,-2.2611864,-3.9805717,-4.819577,-4.851322,-1.0343975,-1.9769312,-2.172972,-0.79045916,-2.9392848,-5.4011593,2.6335073,-0.81140614,-3.6425958,-3.2300935,-13.3439045,-5.038342,0.9743056,1.724789,0.68254894,-3.3185656,-4.079486,-1.0923342,-6.278793,-0.89826286,0.45930982,-3.4558973,-0.63120776,-5.272426,-2.6780162,-4.981109,-0.3756024,0.48865148,3.6601045,-1.3593726,-3.0582275,-1.7685616,-0.07431217,0.72110075,-0.95386684,0.7525537,-2.4113014,-5.1920476,-4.1690087,0.15959318,-0.19684544,-4.530365,-1.6200415,-6.7159944,2.8656237,-0.8367485,1624,0,733fbbddaca3f39f66b924158a84f0a4.JPG
18.86191,5.4118586,7.3531017,-2.76667,-1.9901092,3.4719505,3.519395,1.9768336,-3.6904585,-7.9311457,-1.5182874,-8.77572,-6.692282,-0.21985647,-3.1178322,-2.6315684,-7.715254,-6.8933697,-5.6920605,-4.2213445,0.37067604,-2.9579527,-1.9440718,-7.0043035,2.1026444,0.47779512,-3.3537347,-0.18577829,-16.9683,-7.031724,-0.9533037,1.4572419,0.25068808,-1.4924031,-3.8783596,-0.33922952,-5.8511705,1.2717168,-0.69430196,-4.584592,-1.5989072,-12.009379,-5.8550377,-8.199408,-0.8456479,3.351891,3.1911502,2.714996,-4.774335,1.2615418,3.14435,0.7460356,-1.1796509,-0.06196615,-5.464438,-6.768591,-5.015603,-1.0532793,-1.4448326,-8.600219,0.72661686,-4.9277186,8.401521,4.1701283,2332,0,DSC_6877.JPG
13.992829,14.865932,13.706989,-2.6362495,0.4511433,1.0251366,0.26831695,-0.35122582,-0.8819657,-7.9322963,-2.5208874,-8.86299,-6.259939,1.4062753,-1.7051567,-3.7438657,-2.6031756,-6.627001,-3.01772,-0.32231665,-3.1844487,-0.5586458,-5.6729403,-5.280088,5.755971,0.56698734,-3.157618,-1.7258705,-13.9808445,-7.046266,-2.084246,0.7113216,2.4203546,-5.224388,-2.6013832,-1.5097057,-8.422623,-0.5402567,0.6617467,-5.8973293,-1.9319187,-8.92839,-1.5947472,-6.4805126,-2.2719557,2.1705666,2.2212996,-1.6374232,-2.0012345,-2.099043,-5.8341002,-0.37258378,-1.8149396,3.6639776,-4.9252305,-6.246164,-5.6856103,0.631173,-1.1462935,-3.0265908,-1.4112408,-5.870088,3.728775,-5.5544314,1633,0,440caf7ed1178cae6f55c0385c595924.JPG
10.245375,10.51465,11.15714,-1.1979613,-5.1564274,1.8556108,2.9636085,4.239491,1.946172,-6.6819525,-3.3222566,-3.3551655,-5.697603,1.120907,2.1109037,-2.367563,-2.9177227,-7.86888,-1.8488057,-0.9166148,-0.82885325,-2.8023012,0.3020538,-6.612522,3.9390755,1.1370137,-1.8076729,-2.420552,-13.012572,-4.6259146,1.3638073,2.6137006,3.0885015,-3.0551043,-5.4729643,0.95037735,-3.6112652,2.2786338,0.4204474,-1.0893352,-1.5252204,-5.710215,-3.7984781,-3.3146608,-0.15292293,0.44323596,3.1612506,-2.1795144,-3.0814102,0.026765298,-1.3954551,-0.02699168,-2.036988,-0.69591534,-5.745755,-5.7147894,-5.485227,-3.063976,2.4579718,-4.1488247,-0.34253478,-6.009481,0.75109965,-0.520422,1584,0,adea3cd26db33dbad396e3849c56a146.jpg
17.14119,3.9698255,8.939739,0.11361938,1.0936646,0.055698045,4.1817713,1.6848587,-3.6962671,-6.2864723,-4.5833545,-3.366037,-8.134157,0.66702443,-4.512787,-5.4396925,-4.2121005,-3.1214192,-6.8874846,-6.9539037,1.5963308,-0.12120792,-4.437318,-5.793964,1.2691869,-4.0318046,-6.571107,-4.7941256,-12.010707,-2.057319,-2.8206344,-2.2689526,-3.44561,-2.9351866,-2.5987298,-3.5829718,-5.4534097,-2.2353287,-0.39554134,-8.222003,-5.5217853,-6.0087557,-2.0728507,-9.432055,-2.1310241,-0.8508524,1.1788156,-1.6576923,-3.754579,0.42732224,-1.6924617,-2.15514,-1.997105,3.3650043,-5.859492,-5.7021155,-4.6358542,-0.1858275,-2.9131286,-5.6448116,-0.9895479,-3.7783358,2.5009308,-0.9483653,1725,0,ced5b1d1c81346dfa214058737ec02e1.JPG
13.095047,12.790968,12.819159,-3.6285744,-5.4321985,4.2554827,3.0257928,3.2877655,1.0982596,-9.688798,-4.4147744,-7.6465163,-6.5637827,1.8992747,-0.09772976,-2.2404594,-0.54462326,-9.892321,-2.9972613,1.368235,0.7738884,-2.9015694,-1.9846222,-5.979204,3.8223398,3.407513,-1.7449045,-3.5824409,-16.753912,-4.1370873,1.2476025,-0.79194,5.993289,-1.5994463,-1.9867014,2.2576191,-5.0217423,0.98699564,2.7444246,-0.792435,-2.7615912,-6.8996367,-5.4541674,-2.6720653,-0.9775138,2.9236763,2.5427523,-3.2075195,-2.02481,-1.26006,-4.1256976,2.2883482,1.3617731,-0.7436484,-9.246238,-5.460204,-6.3227005,-0.6647805,1.8096205,-5.0244102,1.473604,-8.491611,3.5048497,-1.2858936,2354,0,DSC_2830.JPG
15.839985,8.577293,10.243018,-2.8643105,-3.655078,-0.016165886,2.9022706,3.236049,-3.0415213,-9.045444,-4.5474997,-3.1636093,-6.925863,1.0467051,-2.9359326,-5.823331,-4.6530204,-5.7451534,-5.187479,-3.612474,0.006644294,-1.2817645,-3.223506,-7.5341263,1.5648968,-0.8043383,-4.9137597,-4.424177,-15.054929,-4.754999,-2.6248171,-0.7347967,0.47780046,-3.0371046,-7.0993276,-1.2507758,-8.888882,-2.0272517,1.5121257,-2.0153248,-1.8096043,-7.449617,-3.4942043,-4.6243696,-1.2135667,-0.04762794,2.740994,-0.53601444,-4.3725595,-0.91146713,0.57614213,-1.4165587,-3.8872223,3.258563,-6.0841064,-5.7724247,-3.9296453,-0.08910444,-1.5488894,-8.416987,1.1541475,-4.7741375,2.982405,1.7401407,1728,0,c6cdc8915aa7d89a2442364690ccd7e2.JPG
13.902786,9.689491,7.642987,-1.3977182,-5.3001323,3.088284,3.513819,3.9805815,-0.1075466,-11.591037,-2.2434468,-3.7930129,-8.40071,-0.11390863,-2.031654,-3.270486,-3.6195946,-8.032157,-7.0676227,-2.8191707,2.5387633,-2.1290648,-1.8780261,-8.137338,2.4914017,1.4586682,-7.930445,-2.826414,-14.555388,-5.1217427,-0.9565372,-0.18438439,-2.3713965,-2.072304,-5.4460807,0.5939455,-7.8806067,-3.7596638,2.7035801,-5.5078855,-6.4397283,-7.8697033,-6.590214,-7.1929464,-0.3458119,2.2571208,2.3257916,2.0930824,-3.5426643,-0.24927011,-0.11542197,-2.692818,1.1318678,-0.7892978,-4.858891,-8.340859,-2.7336726,-1.0389488,1.7645506,-5.1181784,0.7265516,-5.353643,3.5382206,1.1393759,2257,0,Immagine 0212.jpg
15.372087,10.093861,12.055885,1.5013615,-0.73122394,0.7412475,3.1300774,-1.6349984,-1.951161,-6.376647,-2.5967963,-5.915671,-7.776902,-1.709669,-4.62778,-3.4809031,-6.926546,-5.081342,-1.8752768,-2.7646182,-2.726437,2.4283953,-5.126508,-6.2837768,3.1224852,-1.9296215,-5.931539,-1.6929423,-14.08474,-6.6937566,-0.2950308,-0.7448903,-1.0100771,-3.6355941,-4.829711,-1.2853065,-9.228136,-3.5141494,1.5503448,-6.765673,-4.774366,-7.9542894,-3.3228984,-7.984239,-3.4387293,-0.28278327,2.1517222,1.0763965,-4.9045663,-0.7565368,-0.99945134,1.2905284,-0.39088607,2.354031,-2.339637,-9.547639,-3.1634073,-0.040750578,-0.3194967,-3.1194558,-4.4330387,-9.5667305,3.6036131,-1.730794,2266,0,Immagine 180.jpg
9.81483,10.943983,12.942309,-0.81972635,-3.9979844,-0.32854423,1.1406066,0.027139736,-0.6728031,-6.0571327,-1.963899,-3.4507895,-4.8691845,-0.24083759,-0.44485623,-3.9421532,-2.152019,-6.831279,-3.5280988,-0.1449012,-1.7938722,0.9137303,-3.17367,-6.626336,3.7783391,-1.6975203,-3.8792942,-2.6339092,-10.376215,-4.1585126,-0.71850413,-0.10228589,0.33367085,-3.6561644,-4.9525976,-0.21660271,-6.332734,-2.8543742,1.2184802,-4.732263,-3.3674302,-5.4300303,-1.414255,-6.4519534,-0.21014978,0.3995992,2.9669209,-2.6529937,0.050123654,-3.3110712,-0.111995146,0.7402491,-2.47682,1.7457072,-3.4516242,-6.017811,-4.187906,-0.5608268,-0.2168298,-6.134367,-0.31648427,-6.3027906,0.110432215,-1.4844462,1603,0,6a5960c78102880d8acc069a2014fb0d.JPG
15.564395,11.097577,15.236688,-1.603901,-1.9657683,1.5475138,2.7121608,0.45178583,-1.2309371,-6.073859,-3.330825,-9.8197155,-5.5791903,1.7874707,-3.539736,-3.6421466,-4.498834,-7.375192,-3.5366886,-0.9034568,-1.2396348,-0.5710393,-5.1612444,-5.809832,3.1759431,1.7312893,-3.5504215,-4.7232814,-18.625385,-5.180642,-0.08906195,-0.3829148,5.060689,-3.3335886,-3.4828134,-0.9270082,-3.698753,2.7839668,0.36873835,-2.66142,0.7206502,-8.546522,-5.858171,-5.79364,-2.1947231,1.3610563,5.590322,-1.5955257,-2.9467323,-0.9746262,-2.2350736,1.1883372,-0.5510033,1.3695437,-7.013664,-8.088761,-3.8351526,-1.0270568,-1.0161759,-5.387145,-0.54533106,-7.0657177,3.29715,-0.19551389,2045,0,DSC_4068.JPG
10.021283,12.3213415,11.861113,-2.7426121,-4.492218,2.7061393,0.12483432,1.0782138,0.6331912,-7.9709373,-2.157384,-2.9022057,-3.697754,1.6563756,1.9724373,-3.4106395,-3.742704,-8.506871,-5.708406,1.7143385,-2.4111378,-0.53199947,-0.8557045,-6.337279,2.6684072,3.3335211,-3.7187562,-1.07138,-12.518815,-7.447922,-0.43035704,1.979179,1.0927086,-4.503697,-4.8715734,2.6577601,-7.241468,-4.0220947,2.946302,-4.568619,-5.5498295,-7.2171783,-2.5380347,-3.4466643,-0.6180218,4.355729,3.714342,0.27988592,-0.32181162,-3.6260867,1.3719534,0.97014505,1.6796274,2.5599632,-5.734188,-5.272402,-3.4883814,-0.92500424,3.5424018,-5.820424,0.013178108,-6.62396,0.603625,-0.91583514,1627,0,69e6bddd5dc267708fbc2a72bc3704f4.JPG
12.873203,6.6852174,12.710624,-1.5694917,-2.4019864,1.3458879,4.014922,-1.3813497,-1.8812381,-3.8218641,-4.9257493,-3.5687892,-5.7333074,0.7181687,-3.0624816,-4.099701,-5.4937263,-5.478676,-1.8590428,-1.6800562,-2.5177906,0.519807,-4.78612,-6.822621,1.246121,-0.86069196,-4.979922,-2.7640316,-11.856236,-4.1874585,-0.9467693,0.65847665,1.7253484,-6.091042,-3.2815104,-1.1920872,-4.7635713,-1.9021231,0.15511015,-2.945051,-1.870461,-6.6354814,-1.7638805,-5.6327705,-1.3380766,0.8179538,3.768797,-0.53988695,-3.8240285,-2.7544842,-0.37688506,1.163082,-1.6694758,4.6710515,-4.3122864,-7.103286,-4.2813435,-0.107219085,-1.1936889,-5.71271,-0.5031929,-5.7832413,-0.12374121,1.2566936,1726,0,bff8ffa44b18f47f419bc204e06f74bd.JPG
13.823982,11.552505,11.800845,-0.46479183,-3.5932932,0.70012426,1.5872778,4.1274185,-3.0207524,-12.916819,-4.8364997,-4.4893622,-6.6969123,1.4229857,-4.0964108,-7.2566833,-6.1265826,-7.808644,-6.28536,-2.492732,-1.6366626,-3.432918,-2.8292441,-8.582355,3.8313246,-2.316809,-7.453565,-4.293489,-16.577866,-7.0747576,-1.2291808,2.1922197,-3.6322508,-3.8892555,-8.182443,0.60831136,-7.910487,-2.73433,0.872667,-9.676667,-8.734404,-9.193732,-2.5438967,-8.04357,-2.3237598,-0.91152745,3.3817525,1.774556,-3.1606047,-0.34454125,3.5932026,-0.927958,-1.7760631,2.2313097,-3.0481918,-7.2322927,-3.3008401,1.264376,0.17726557,-6.245036,-1.3887137,-10.118383,1.9749285,-1.6587682,1741,0,8bbd869cada25831ec94629aa0530a8a.jpg
16.240238,10.238224,10.852162,-3.868968,-5.0326953,2.626315,4.727653,1.4027517,-0.69701076,-9.645509,-3.3680296,-4.792043,-6.246554,0.24380766,-1.3931793,-2.757266,-3.3696036,-7.8879447,-7.363437,-0.9377677,-1.2036618,-2.3803618,-3.0121806,-6.5054455,3.6928046,1.9742664,-5.04275,-1.1154277,-15.725218,-5.789455,-1.9123499,-0.35655564,0.4582668,-2.8098438,-5.975364,0.14370033,-6.5237336,-3.386913,1.43002,-4.4298043,-4.4495707,-9.28838,-3.6153696,-8.484198,-1.9137564,1.3419183,3.2265813,0.7057025,-4.624702,-2.8421137,0.60720205,-0.17271161,-0.21157652,0.27144757,-6.852733,-7.855943,-3.1485415,-1.1354414,0.774443,-7.3175416,-0.08678151,-6.9484286,3.6743486,2.258359,1656,0,a232a3456f2fe4d12aa96e1c7e086ee6.JPG
15.574963,9.609033,11.978695,-1.5784782,-1.5324746,-0.6870864,4.021293,1.788122,-1.2062788,-4.8620796,-5.882515,-5.2412114,-3.9486275,1.4956485,-0.7165894,-6.447287,-6.1833043,-7.060509,-2.6439857,-1.4630167,-1.9834118,-0.7500854,-4.1948805,-6.723763,1.0223253,-1.0322282,-2.7529795,-4.368631,-15.351773,-5.3038254,-2.0925653,2.2105243,-0.6893732,-5.4431267,-2.64573,-1.6866957,-6.7296367,-2.6472402,1.2451894,-7.0004444,-2.7276707,-6.547376,-0.6321716,-6.834198,-2.1795194,0.93520194,3.8083887,-1.2960763,-3.2424815,-3.890797,0.32344288,0.25121891,-2.106193,2.8138864,-4.1781178,-6.634036,-5.2282248,-0.72884285,-0.52482915,-7.674444,-0.65575266,-7.0254493,-0.3443204,-0.48371565,2230,0,DSC_9074.JPG
10.85157,12.178722,10.691777,-2.6833913,-4.7388906,2.920995,3.8136907,0.657192,0.4127924,-8.193809,-3.9991996,-3.1544092,-5.231646,0.7675934,0.7000787,-4.228052,-5.3090606,-6.7635612,-2.795121,-0.67520803,-0.6381904,-1.5480319,-0.79037744,-7.085605,3.202403,0.017749364,-2.4962773,-0.9800417,-13.137858,-5.988873,-0.4172361,1.0116831,3.1531134,-4.202972,-4.8430405,1.7739356,-7.0551534,-1.3477913,-0.57219374,-1.1176904,-5.2721653,-7.2536674,-4.2437263,-3.177925,-2.9571865,0.6228123,2.3385415,1.3009875,-2.5779655,-2.7052252,-0.26597965,1.7676361,0.03676023,1.1316221,-3.5365286,-6.75939,-4.939683,1.4216915,2.5728421,-4.472979,0.08080545,-5.947408,2.584743,-0.16638692,2248,0,DSCN1633.JPG
10.198738,10.74235,12.760961,-1.9372085,-4.837374,4.777602,1.2305355,0.3507621,2.1347787,-6.2444253,-4.128469,-4.3675427,-5.8973618,3.161184,3.470792,-0.9020876,-1.4750309,-3.7135215,-2.4072835,-0.48246098,-1.7858446,-0.7760368,-3.1588774,-4.631145,2.260298,1.3613752,-0.44090733,-2.5246265,-14.265112,-5.954449,2.2367976,-1.283259,4.243124,-2.0298474,-1.5464306,0.37322676,-4.259778,0.9957667,0.862026,0.5079477,-0.3681701,-6.8377247,-4.9314904,-2.937163,1.7146351,2.072088,2.1461177,-1.51204,-1.672417,-2.7041202,-3.9926512,1.1907244,0.9747599,2.341777,-6.1591153,-5.588654,-5.9850554,-0.61431056,1.4743191,-3.4190679,0.6406563,-3.574222,2.377195,-1.6950582,2227,0,Immagine 017.jpg
7.873405,14.543542,11.753232,-3.1758473,-5.9105697,6.894069,1.178676,-1.530688,2.3879306,-10.675691,-3.379154,-2.404215,-3.5125656,2.0769281,0.3492334,0.58916396,0.5008818,-7.0272284,-7.083592,4.01029,-0.49941033,-2.3709562,-2.0113626,-4.206689,5.6468635,1.4943459,-2.4220397,0.15140498,-12.204814,-7.0949507,0.30636555,-0.6706303,2.672557,-0.5177969,-4.5962114,4.7689013,-8.810453,-3.6299536,3.1557148,0.17851992,-5.232306,-7.2608967,-4.2342343,-1.3952988,-3.0160139,3.2783215,0.7803536,-0.52709174,-1.3144593,-3.984349,-3.6883252,2.8007426,5.399085,3.7845151,-5.40612,-1.4166447,-4.0322475,2.2641504,2.6804829,-4.8474264,3.3970308,-4.802403,3.247045,-0.9738517,1688,1,531027275e99c1f7d8975f748c1bdbc8.jpg
10.148572,13.071812,12.307711,-3.5338511,-5.1402144,3.3297317,0.6220414,0.9876667,0.5616636,-8.44479,-4.503395,-3.9780216,-5.2641225,2.394347,-1.8977237,-1.4512454,-0.6580214,-8.699722,-4.1031027,2.2684643,-1.7291807,-2.2534747,-2.1391137,-3.5993605,3.5720193,1.9406198,-2.749726,-1.731305,-14.703921,-6.363142,-0.521576,0.35677785,2.5690012,-2.112428,-5.246295,1.7788082,-5.771911,-1.7737381,1.290001,-1.2021757,-3.4593704,-6.8092165,-3.3405712,-3.8704293,-1.7819431,1.0720208,1.8043567,-2.2734876,-1.6103592,-4.3769126,-2.4813638,2.7441876,1.1000011,1.0490178,-6.4698696,-2.5633135,-4.364603,0.033882666,1.2629715,-6.51768,1.9062155,-7.251649,2.7066483,-1.8603936,1593,1,4f7c41aa5111aa0f6721ec4408221c37.JPG
7.519387,13.107799,12.622087,-1.276872,-0.040702507,2.2971537,-1.5606601,-0.019322723,-2.876934,-7.6145415,-2.7077782,-1.4827896,-0.9998587,-1.5168275,-4.6215334,-2.1938558,-1.9297156,-9.121637,-3.2538087,2.8757086,-4.614418,-1.3110465,-2.0098732,-3.370146,3.0685833,0.9153863,-3.9376886,-1.3087792,-10.926815,-8.363372,1.0710317,1.5195894,-1.0203128,-5.096679,-3.4036148,1.6512462,-10.28672,-5.850009,2.3858337,-4.8976583,-7.6486454,-7.809175,-1.293828,-5.224213,-3.6396854,2.3350937,2.0597827,0.8455082,-1.4924796,-2.9345922,-1.3160244,2.145957,1.273818,2.6557136,-2.7331913,-4.078568,-1.780283,1.5980915,3.0152607,-5.2534986,1.7024579,-9.10984,1.7275078,-3.8686259,2301,1,DSCN7757.jpg
7.74545,11.760533,9.085851,0.3629777,-3.0890536,0.6839892,0.48703933,0.016590338,0.6157302,-3.1083775,-0.13722435,-4.746431,-2.9091568,0.9774586,2.1529968,-1.445598,-3.6754634,-4.2910624,-2.0023065,0.015474777,-2.0474064,1.0977994,-2.0375597,-3.4278142,4.6465354,1.2120664,1.9355683,-0.89977556,-6.2453904,-3.7945123,-2.1731997,1.6861105,3.2122896,-6.143211,-1.5495019,0.3909853,-3.9055781,-2.012726,-0.78203976,-4.3626924,-2.0474608,-5.567722,-1.3669268,-3.7328317,-1.1833702,1.9863347,1.4567672,-3.0319052,-1.2486745,-2.2894447,-2.198458,-0.20320797,-0.105623946,1.3317409,-3.8972054,-5.4546494,-4.062221,-0.39854315,-0.4685348,-3.5084648,-1.7200588,-3.3217726,0.8956629,-2.786772,2182,1,Immagine 031.jpg
8.536262,11.937378,8.821801,-0.7251996,2.8976321,1.2682977,-2.3079665,0.9969405,-3.556292,-4.9646287,2.1784074,-1.7405903,-2.6609797,2.0521069,-4.9071665,-0.1801011,-3.0161529,-7.511282,-2.3846152,-0.48211196,-4.452974,-1.3501253,-2.3177757,-5.1941876,4.464961,0.5276316,-2.3213792,-1.4036402,-6.4116516,-4.9065084,-1.1420636,2.461512,1.0561328,-8.108829,-2.2695742,2.7424006,-5.1257586,-1.6501813,1.0323383,-4.582798,-8.391906,-5.0083566,1.7718333,-4.533566,-0.7222091,-0.3627082,2.6781888,0.40200576,0.51177174,-1.8690113,-0.9435081,-0.8088281,-2.131197,1.8245295,-3.5197783,-7.683514,-2.3093734,1.9444146,-0.38580883,-4.870026,-1.5807421,-6.358957,2.3127618,-4.049994,2298,1,DSCN2221.jpg
11.411507,15.685305,14.666426,0.23279479,-1.543294,4.299852,1.5719991,-2.3757603,2.7515163,-7.348906,-2.5281596,-6.7972836,-5.2771273,3.4528804,0.0787502,-2.7827003,-5.113341,-5.8456464,-4.7932925,2.895835,-4.819761,2.4596288,-2.4451447,-3.4132621,2.9010253,4.8538594,-2.3894126,-1.6955167,-14.00476,-10.170391,0.4890527,0.95136046,4.778814,-3.7786562,-2.8944347,1.0244193,-4.136999,-2.7944813,4.7276993,-6.6977887,-1.9761306,-5.8984857,-5.1955423,-5.7801957,-0.42579255,6.0670013,4.399141,-2.9479806,-4.2507434,-4.745108,-6.1401644,2.350041,2.2501478,3.0976238,-6.268333,-6.180706,-4.028436,1.1907029,3.7838113,-2.2109284,0.9514195,-7.1951385,1.2669731,-4.098165,2194,1,DSCN2551.jpg
7.8257804,11.520146,10.43015,-0.7824051,-1.7837489,4.549264,0.949182,-0.06366119,0.85935163,-8.270998,-1.1556319,-5.8258452,-4.4995303,3.0555174,3.169041,-0.28361255,-1.3671218,-4.168032,-2.690846,3.4388742,-4.2450185,-1.0430509,-1.4748751,-1.9737289,3.4508202,3.531275,-0.7915167,-0.09641759,-12.5197,-7.647485,-0.3227353,-0.05370615,5.6480966,-2.5928602,0.9246691,1.089579,-2.7801495,0.7870652,2.6789062,-2.0770848,-1.6074376,-4.5146775,-3.3540888,-4.4568872,-0.9327184,4.8799715,3.9271114,-2.619375,-2.9815083,-1.7052279,-4.7729554,2.0808568,1.8756602,-0.01107013,-5.4679284,-2.3309283,-4.464529,0.020043593,3.1291573,-2.9622426,-0.71401864,-3.707794,2.3532784,-0.7479631,1771,1,f95ccd64a6bdbbc4c6b4aab48d8128d0.jpg
10.268644,16.03401,16.80763,-0.98324615,-3.4758055,2.79707,1.6730123,-0.79818624,2.5711863,-7.5399237,-2.4055,-3.7631893,-2.702402,2.4568825,-1.416412,-1.6628877,-3.6235988,-9.371194,-2.406854,3.7834432,-4.945168,-0.15487874,-1.5942273,-5.5173287,2.4304783,2.0250986,-2.0454304,-3.3282113,-14.482348,-9.583393,1.4857035,4.4300303,4.093885,-5.676474,-4.7809124,1.146761,-7.0787835,-2.6464224,3.834303,-4.9346685,-3.9141636,-4.8032885,-1.17103,-4.3313756,-1.7215352,4.1483207,3.9184358,-2.1550615,-2.3404002,-4.4375386,-5.1047363,3.4716916,-2.0847995,2.6543484,-5.4111166,-6.4315624,-3.1734042,1.69301,1.6746469,-4.090793,-1.0025824,-9.710691,1.0087436,-4.1579456,2391,1,DSC_4331.JPG
10.558193,9.604408,9.373757,-2.042253,-3.7817767,2.273634,2.8172352,2.8934312,-0.8546795,-6.171085,-3.321052,-1.309162,-4.2895303,0.107419655,-0.6487413,-3.1700895,-3.31782,-9.550625,-1.9855119,-0.42455703,-0.08396773,-0.9829957,0.055623252,-4.1974454,2.1460645,-0.17724496,-3.8776093,-3.3653858,-11.352856,-3.5465748,-2.1196203,1.4450296,-0.6688062,-3.522756,-3.5925033,0.49842617,-4.5181065,-2.0680916,2.0028448,-3.1414886,-3.5637956,-3.2000804,-0.2772392,-4.041334,-0.7174765,1.6092192,4.0656447,-4.984119,-0.36410648,-2.0903332,0.34164065,-0.72524756,-2.5584095,-0.14752556,-4.5571237,-3.3764572,-4.215742,-1.9249759,0.16312635,-5.60403,0.04217434,-5.579525,0.9416077,-1.155699,2334,1,DSC_9425.JPG
13.2804785,16.990345,14.769534,-2.3503592,-5.7037144,2.1706133,1.7739339,3.7198699,0.37560433,-9.1925125,-2.3293908,-3.1393018,-4.0696716,0.32427192,-3.332135,-2.829527,-2.501543,-13.752152,-4.910396,2.5296419,-1.2692959,-0.32360435,-0.63270897,-6.9697957,3.5301344,-0.016869264,-5.674916,-4.5554833,-15.939459,-8.519266,-0.3542162,3.652325,3.7826173,-4.7499733,-6.638422,2.2932699,-9.955493,-4.2301254,3.8069835,-4.5817823,-7.281709,-4.998929,-3.6491888,-4.8451667,-1.3897874,3.186273,3.881499,-2.5093293,-0.23479296,-3.0189748,-0.9713718,0.677016,-1.1883662,2.0832856,-8.178161,-8.534154,-3.8562438,-0.9803765,1.4404018,-7.682661,1.6981456,-10.123909,-0.1841158,-4.193551,1714,1,836c4e2a02cb4f5b0856f0fd9c17ef80.JPG
9.723134,13.940238,13.245711,1.4051882,-0.33708557,2.6799276,1.8224016,0.010488612,-1.3451409,-3.0903552,-1.9424615,-3.8072698,-3.9341853,2.5626354,-3.513825,-2.014474,-4.270747,-6.91823,-7.5460453,-0.73902386,-6.675864,-1.7215428,-1.7051259,-4.672913,0.5054006,-0.1664456,0.99356574,-3.757466,-10.997629,-4.9490023,0.8302363,2.4111407,2.277817,-6.243161,-1.9090507,-0.2428307,-4.046751,-3.3092275,3.4751308,-4.612107,-2.7743676,-2.930532,-5.5816135,-6.4315495,0.3228686,0.91859466,2.6943462,-1.5199803,-4.340756,-3.2522297,-1.6806493,-0.38998762,-6.098546,2.3837738,-6.530581,-9.475485,-5.0603943,1.2623222,-0.38981068,-5.4825225,-0.19858488,-5.2318263,0.28404772,-3.0777667,2145,1,28-05-2008 013.jpg
4.9882536,10.006424,6.4501886,0.108628005,-0.6478137,1.7411568,-0.1910525,0.7566293,-0.83996844,-3.021583,-0.76992196,-0.7109672,-2.4648824,-0.9473284,-1.769816,1.7453662,-3.8882775,-6.639856,-2.2334075,1.9301106,-3.553267,-1.42335,0.93178546,-3.226522,2.6067514,1.6822448,-1.1817894,-1.3412519,-7.596426,-7.184808,0.62002665,4.2978477,0.9091209,-3.9742992,-2.9767766,1.8141161,-5.282575,-2.004815,1.2553171,-3.746836,-5.215446,-3.3739421,0.006678711,-4.7441883,-2.2865493,1.6271801,2.8731136,-1.1100287,-0.8380535,-0.1309295,0.5240928,2.042081,-1.4295161,-0.21769586,-2.9524815,-3.2411852,-2.8641942,0.10582644,2.4464204,-2.0044498,1.6930708,-6.639369,0.83801323,-2.4493523,1585,1,6f5a7b21e6cdc5720c4c7f496ce4f2bb.jpg
8.169864,12.240753,12.975903,-0.14187981,-3.7943022,2.8760662,-0.3736332,0.2731441,-0.28655016,-3.4008074,-3.0101783,-6.2766685,-6.1645913,3.533339,-0.698991,0.19442289,-3.033867,-5.9918346,-1.5468737,1.178157,-2.9802556,1.0902094,-1.1916531,-2.8014755,3.0562506,2.0878003,-1.8608181,-1.7931544,-12.48061,-4.1306486,0.42722243,1.7647759,3.337464,-4.992716,0.15890399,0.79221106,-4.082494,3.1327102,0.6372594,-2.5491447,0.3278544,-7.796113,-3.7432768,-3.8688004,0.58906645,3.6553793,2.7391977,-3.5567107,-2.4140859,-1.5066876,-3.890583,0.3201016,2.7015257,0.97753173,-3.7434855,-6.459676,-3.0677292,-1.5520405,1.2701638,-1.7364509,1.0351676,-6.538337,2.8207624,-1.4085608,1614,1,b485225b419488c3d59eb893fb0a9ebd.jpg
5.9109354,10.893146,9.59409,-1.461844,-1.4339838,2.6774268,0.69938964,1.5550092,-2.4931161,-7.8507543,-0.8236344,0.10865106,-1.8518925,-0.42484102,-2.3623915,-0.47377884,-1.2076142,-6.6365767,-3.482836,3.210443,-2.8142636,-1.4639888,0.30722013,-3.5707378,3.1195266,-0.2389311,-2.699789,-2.1970778,-10.070616,-6.8941174,0.028107753,3.75772,2.499265,-3.409555,-4.558523,2.365545,-8.916676,-4.3394904,3.682909,-2.5877428,-6.7109346,-3.5424385,-1.0046251,-5.7378063,-2.0893662,1.0716162,1.1377621,0.785369,-1.2832555,-0.6623591,-0.14548676,2.992335,-0.8599384,-0.05571398,-4.2183084,-3.9964824,-1.4674476,2.2735302,2.7027953,-4.973732,0.103953324,-6.451259,1.6679411,-2.1431866,2124,1,010.JPG
8.085469,14.561183,12.236472,-1.7742609,-5.3893843,4.9002275,0.4072877,0.8343039,1.9631495,-11.922928,-3.177489,-2.1803153,-4.419955,1.7965066,0.15155537,-0.9578045,-1.9771125,-8.031539,-5.816541,4.782806,-2.9198217,-1.4088691,-0.9505201,-3.1961994,4.599182,3.1039648,-3.8253014,-1.1165304,-12.743134,-9.27998,-1.2540783,1.5621022,0.09135248,-3.38404,-5.0860233,1.2413125,-6.248047,-3.1116893,1.3935224,-2.7637217,-5.8348017,-5.780709,-1.6007609,-3.331258,-0.6906216,2.7794378,2.576883,-1.8322225,-1.4024626,-5.0535693,-3.083226,2.1273046,1.8549339,1.659085,-4.901773,-1.2616237,-2.9473007,0.24571675,4.001332,-4.9880023,1.3836633,-5.121064,1.6564693,-2.1532302,2180,1,DSCN9127.jpg
12.478023,13.1563,15.421956,-3.0957866,-4.224643,2.2425056,0.6523138,0.4285439,-0.43535507,-6.0029407,-5.775538,-3.8861308,-5.4639997,2.528726,-1.918353,-4.718136,-5.255443,-12.034422,0.30223155,-0.84825647,-0.6645533,-1.8303087,-3.798753,-7.148499,2.9637165,0.63871217,-5.460712,-3.7768009,-16.719936,-5.348983,1.0841447,1.2258742,0.9213318,-7.2050176,-3.6621535,0.36649838,-3.7259593,-1.1307051,0.9246466,-1.2003787,-1.5944866,-8.927457,-1.7913737,-1.1909852,0.3778597,0.5082308,5.0727615,-3.0177302,-1.9230708,-3.256737,-0.8422503,0.62244713,-0.75730807,3.847353,-4.853573,-5.8577447,-4.966086,-1.0467219,-2.297423,-7.451814,1.1748996,-8.134908,1.0469522,-0.20710982,2399,1,DSC_9674.JPG
8.085469,14.561183,12.236472,-1.7742609,-5.3893843,4.9002275,0.4072877,0.8343039,1.9631495,-11.922928,-3.177489,-2.1803153,-4.419955,1.7965066,0.15155537,-0.9578045,-1.9771125,-8.031539,-5.816541,4.782806,-2.9198217,-1.4088691,-0.9505201,-3.1961994,4.599182,3.1039648,-3.8253014,-1.1165304,-12.743134,-9.27998,-1.2540783,1.5621022,0.09135248,-3.38404,-5.0860233,1.2413125,-6.248047,-3.1116893,1.3935224,-2.7637217,-5.8348017,-5.780709,-1.6007609,-3.331258,-0.6906216,2.7794378,2.576883,-1.8322225,-1.4024626,-5.0535693,-3.083226,2.1273046,1.8549339,1.659085,-4.901773,-1.2616237,-2.9473007,0.24571675,4.001332,-4.9880023,1.3836633,-5.121064,1.6564693,-2.1532302,1669,1,c447cee36c33c0579c6c08bd0b1db511.jpg
7.0855064,10.131254,7.5885134,1.8937701,-0.26857698,0.23314118,1.3889601,1.3388287,-1.6872909,-2.0872636,1.796014,-2.5123835,-3.769918,-1.3718255,0.02922564,-0.27784538,-4.2108283,-5.465636,-3.827199,0.96936977,-4.7888384,0.66738904,-1.8146144,-1.5125391,2.0972726,-0.57139003,0.32948345,1.0583394,-5.7268624,-3.5542502,1.2041945,3.4804785,2.1338077,-6.2502217,-5.48578,-0.7951232,-4.753243,-1.7440846,-1.2745321,-3.5176573,-4.2317753,-2.3773286,-0.45516655,-3.4447367,-1.4500451,-0.2397385,1.1066558,-3.4658604,0.4289306,-3.7704778,0.35416895,1.7183452,-0.41105327,0.50629973,-2.7455652,-5.8214526,-2.276896,0.06869845,2.1596513,-2.9275281,-1.0039058,-5.450007,-0.99364835,-4.4955325,1625,1,7bc755d987dea554874af5d47c956022.jpg
6.2348604,12.706878,9.887976,-3.5738602,-4.5016775,0.65114063,-1.4030526,0.71789634,1.0514721,-8.414606,-2.2898178,-1.1628636,-3.8102865,1.5696822,0.8512913,-2.136044,-0.35529742,-7.0380344,-5.4145966,2.2414045,-0.14297369,-1.1744502,-1.0768416,-3.8832362,2.4913976,-2.75521,-3.303668,-1.0896338,-8.075394,-6.7383785,-0.15815353,-0.4514305,-3.077676,-4.399726,-2.9995623,1.3570294,-7.0570927,-2.6200426,0.3813068,-4.164293,-6.826295,-7.1439576,-3.4094932,-1.7068468,2.180163,0.99623847,0.7101071,-0.75637925,2.171161,-5.46905,-2.7290995,1.369258,3.5857608,6.5621266,-1.3279084,-1.1730795,-3.9943545,1.44208,0.5719276,-3.397619,0.53047186,-4.817563,1.0467334,-1.8635993,2113,1,DSC_8576.JPG
6.4541197,14.211962,8.996798,-2.169174,-7.160754,4.3053513,-1.011445,2.5268118,-0.08215884,-9.003431,-4.405678,-1.5869001,-3.1727436,3.2248719,-0.3698552,-1.0522599,-0.11567361,-7.279914,-5.198127,3.9503589,-3.2632544,-2.2141957,0.5517625,-3.5849786,1.488055,3.1622393,-2.2033782,-1.5542947,-12.483228,-8.116805,-0.6302774,1.3226,2.4683402,-2.9774153,-1.8033857,1.4858506,-7.8631744,-4.1211605,3.771874,-0.37725148,-6.905373,-5.1030602,-4.4418344,-3.4839458,-1.2925558,5.343783,1.2585545,-1.609831,-0.46523994,-3.1928144,-3.4420474,1.6303728,3.484069,1.9919406,-4.7849517,-1.0369159,-4.395686,0.13927944,2.9218218,-6.029668,-0.32684025,-3.2548697,2.5676,-1.488875,2280,1,DSCN7924.jpg
11.049337,15.680027,14.580311,-0.83633935,-1.0930102,2.9999044,2.851768,-4.0610847,2.9328778,-7.32516,-4.2306423,-5.573611,-4.3140125,2.1155138,-1.3443558,-1.4121336,-4.097719,-6.3701997,-3.2054722,5.0729365,-5.023685,4.734882,-1.6255233,-3.5807076,5.2720623,3.811969,-2.3485136,1.1988337,-15.512935,-13.005658,-0.3301388,2.5468156,2.7764144,-4.4315324,-2.739473,3.3029666,-7.8118296,-6.297919,3.780195,-7.24945,-5.375291,-6.722854,-4.2094183,-5.5023685,-3.0665956,6.497404,1.5147566,-3.7788758,-1.6978985,-6.8242497,-4.826218,4.5872355,5.099682,3.55838,-4.532108,-3.8273394,-3.721764,2.5950847,5.568244,-5.716635,2.1897345,-9.275535,4.4712462,-5.240487,2284,1,Immagine 108.jpg
9.726312,11.279229,10.622566,-2.0867088,-3.6198115,3.3797052,2.3684196,2.6837757,0.35347763,-8.31486,-1.2813104,-3.6547573,-3.7486887,0.30544555,-1.3392723,-2.763565,-4.3656487,-10.072467,-5.157359,-0.7093067,0.41863173,-1.6554046,-0.9899039,-4.5231957,2.5082214,0.9194112,-3.0531046,-2.8575578,-12.839653,-6.5027356,-0.018752707,0.43637004,2.2080467,-1.8896531,-4.918531,2.3866818,-6.5895886,-2.1128006,0.52798545,-3.262198,-5.008604,-5.8249927,-2.9346294,-1.9086647,-0.04045172,-0.12009959,3.7783296,-0.29913282,-0.8603347,-3.2256577,1.3364561,-0.1916731,-0.3627742,0.7457667,-4.748892,-3.845734,-4.092259,0.4205468,-0.85657024,-6.52678,1.5140476,-6.1351767,2.8735325,-0.9765169,2119,1,Immagine 382.jpg
10.627095,14.071579,12.506699,-2.6133976,-6.206231,3.189881,0.21309768,1.8390945,-0.9004222,-5.552247,-6.121546,-2.432269,-6.8752007,4.415122,-0.7358351,-2.411771,-3.1620448,-8.745209,-6.364652,-0.28197083,-1.0542991,-1.8991816,-2.9816732,-4.515177,3.22624,-0.11409207,-4.852424,-4.5772605,-13.486258,-4.475685,-1.9067991,0.31245887,-0.9980802,-4.141257,-3.0482726,2.033134,-5.790506,-0.33226934,2.3225229,-3.7701561,-4.193019,-8.150056,-2.0734322,-4.1877756,-2.114217,1.4755812,2.6168842,-5.131118,-0.16103537,-4.312023,-1.6292746,-1.0048711,1.9084985,5.580661,-4.339426,-2.3180435,-8.252922,0.2549819,-1.0545796,-4.5342054,0.32441258,-5.7043076,1.828494,-1.9114453,2328,1,DSC_9424.JPG
5.828069,15.600449,15.730617,-2.387401,-4.0458345,4.434175,0.325229,-2.1416268,1.678443,-12.12321,-3.3676176,-4.1931124,-4.6877923,0.7490649,-1.7003062,1.823868,-1.3098489,-6.5044436,-4.33709,5.2241445,-6.6487756,-0.14221431,-2.3933313,-3.9520578,6.18454,1.776527,-0.9342366,2.233421,-9.96787,-11.057184,-2.3063693,2.0730863,0.46247426,-5.1712923,-4.880511,2.1907642,-9.25804,-3.3934712,3.6022618,-2.9985442,-5.315114,-5.276474,-1.8038522,-4.723175,-2.4654248,5.1453733,1.9114665,-0.4369324,-1.2523057,-7.9191065,-8.544211,4.695584,2.3895583,3.469105,-5.169208,-2.3867602,-3.9709508,4.249437,5.6744366,-5.578486,1.0584477,-7.6172523,1.5681524,-4.302289,2376,1,DSC_3507.JPG
11.21862,12.473108,15.577008,-1.0434092,-4.941681,0.8410501,0.6790538,-0.04818596,2.3825815,-6.2835345,-2.3375747,-3.709364,-6.2871666,0.2903909,-0.61706173,-2.15529,-5.1492934,-6.139402,-0.9456729,0.8723604,-5.4741387,1.5925682,-1.5102131,-5.780355,1.490871,-0.13402793,-2.1119819,-1.4284827,-11.589424,-7.5188546,2.9614425,0.07751099,2.935039,-5.8272495,-2.8939512,0.7429882,-4.8541155,-2.4577477,2.854966,0.23105226,-0.27461013,-6.363559,-3.7983146,-2.7189593,0.92814726,4.199328,4.295807,-2.4027197,-4.262044,-2.5078225,-5.0375237,1.8595736,-0.97242177,3.333062,-6.5620017,-6.8195086,-4.3721843,1.1309768,2.8453135,-4.600875,-1.7960283,-7.924012,-1.2344495,-3.1878047,1978,1,Foto 27-11-2013 117.jpg
7.016245,10.395812,10.173803,-2.3548424,-4.9703317,2.3380668,1.4050847,-0.07709871,0.47136024,-6.6984496,-3.4969678,-0.41212973,-4.6942115,1.383561,0.29669827,-1.7703834,-0.602001,-5.727577,-6.463393,-0.2996969,-0.1799064,-0.36116013,-1.3416758,-3.6313078,3.2907994,0.5574176,-2.4806654,-1.8784302,-10.19432,-4.879305,-0.33193552,-0.7181799,-0.23013248,-2.3153427,-5.6571474,0.15411516,-6.518841,-2.7472556,1.5057021,-1.3706932,-4.525746,-4.515065,-3.300524,-2.1540055,-0.24304393,0.7794511,0.53335416,-2.311339,-0.93345594,-3.5691059,-2.8613563,1.0474596,1.7879362,3.996643,-4.547517,-3.3642163,-5.0601244,1.6123366,2.0811148,-4.4419756,1.1556231,-4.0504003,0.52517426,-2.2761457,2149,1,DSC_6084.JPG
11.794599,13.646301,10.727884,-3.178984,-0.9822184,1.2856123,1.569284,-0.95363235,0.66221,-6.1270585,-3.237635,-3.5389278,-5.7828307,2.7998662,0.6862261,-2.6982846,-2.6493206,-7.61227,-2.1323276,3.3504093,-3.7805169,-3.1082475,-1.5488495,-5.6225257,4.0288277,0.47214922,-2.296028,-1.2319442,-12.118099,-7.18144,-1.7763904,1.9385163,4.318397,-5.9740605,-3.464354,1.7421583,-5.7252035,0.02035345,1.6529226,-4.5009513,-5.6185555,-4.771552,-1.4550135,-6.750881,-1.592978,1.4535918,4.9861875,-0.5164067,-2.7867966,-3.8997695,0.4116192,0.98472196,-0.5954045,3.7191024,-5.893001,-5.852732,-4.2040143,0.18731733,3.3673472,-3.5534878,-0.957675,-7.0296116,-1.5127056,-1.1571813,2400,1,DSC_9699.JPG
5.216861,11.480213,7.5064964,-1.4639474,-1.7082057,1.022286,-0.11419969,1.7026451,-0.93203545,-5.6583176,-0.67673945,-2.807118,-1.1216742,-0.21838568,1.59846,0.49021703,0.751937,-5.42448,-3.6429956,3.879337,-1.5096947,-0.8639358,0.54789954,-3.2411575,4.7933865,1.6273186,-0.3778088,-0.44408095,-6.8466406,-6.792167,-0.6062062,2.193612,1.8896918,-2.072829,-1.1951615,2.0907412,-4.605977,-1.6783268,1.054395,-1.8958558,-5.100558,-4.470418,-1.6990391,-4.140584,-2.3044128,2.3131635,1.6702179,-0.61926454,1.1194968,-1.6695571,-0.83214617,1.7565153,-0.6934791,1.9283192,-3.257409,-3.019147,-1.3536798,-0.5253536,2.0927715,-3.665822,2.113112,-5.145946,2.979326,-1.0019015,1983,1,DSCN3315.JPG
10.494624,13.138952,10.744013,-0.9591699,0.06763908,0.96848625,1.6274825,2.9119747,0.23380288,-7.5670114,-2.8153884,-2.5188897,-2.6876764,0.96449625,-4.344686,-2.073863,-0.5244877,-7.7340536,-3.3477743,1.219333,-1.0615969,-1.4420304,-1.3756872,-4.0713787,3.6914716,0.7400735,-1.3632092,-3.1852937,-11.094304,-6.194789,-0.30462965,1.9371514,-1.2463596,-2.1341295,-3.6334016,1.0933933,-7.22454,-5.1930075,-0.21698481,-2.971407,-4.9565034,-5.513679,-0.8124225,-4.435128,-2.0882509,-0.70668906,0.1557054,-0.016404282,0.6145441,-2.8858683,-1.1995193,0.83280003,-3.657841,-0.944666,-2.7517629,-3.05727,-1.4904695,-0.72886276,0.09278933,-5.8630705,-0.9674198,-6.874088,3.2520788,-3.9022229,2312,1,DSCN7097.jpg
